{"cameraMode":{"drawMode":0,"name":"Shaded","section":"Shading Mode"},"sceneLighting":false,"audioPlay":false,"sceneViewState":{"showFog":true,"showMaterialUpdate":true,"showSkybox":true,"showFlares":true,"showImageEffects":true,"showParticleSystems":true},"in2DMode":false,"pivot":{"x":0.4138103723526001,"y":24.45901107788086,"z":-0.2745075225830078},"rotation":{"x":0.13332553207874299,"y":0.30082133412361147,"z":-0.04251321405172348,"w":0.9433687329292297},"size":11.457204818725586,"orthographic":false}