{"cameraMode":{"drawMode":0,"name":"Shaded","section":"Shading Mode"},"sceneLighting":false,"audioPlay":false,"sceneViewState":{"showFog":true,"showMaterialUpdate":true,"showSkybox":true,"showFlares":true,"showImageEffects":true,"showParticleSystems":true},"in2DMode":false,"pivot":{"x":0.0,"y":23.274999618530275,"z":-0.1400001049041748},"rotation":{"x":-0.028607545420527459,"y":-0.9263226389884949,"z":0.07183630019426346,"w":-0.3687901198863983},"size":13.942710876464844,"orthographic":true}