{"cameraMode":{"drawMode":0,"name":"Shaded","section":"Shading Mode"},"sceneLighting":false,"audioPlay":false,"sceneViewState":{"showFog":true,"showMaterialUpdate":true,"showSkybox":true,"showFlares":true,"showImageEffects":true,"showParticleSystems":true},"in2DMode":false,"pivot":{"x":-0.4854082465171814,"y":23.502574920654298,"z":-0.34322965145111086},"rotation":{"x":-0.038746949285268787,"y":0.7822072505950928,"z":-0.04886099323630333,"w":-0.6199490427970886},"size":9.56498908996582,"orthographic":true}