{"cameraMode":{"drawMode":0,"name":"Shaded","section":"Shading Mode"},"sceneLighting":true,"audioPlay":false,"sceneViewState":{"showFog":true,"showMaterialUpdate":true,"showSkybox":true,"showFlares":true,"showImageEffects":true,"showParticleSystems":true},"in2DMode":false,"pivot":{"x":36.25300216674805,"y":37.73910903930664,"z":176.09494018554688},"rotation":{"x":-0.6355663537979126,"y":-0.3211803436279297,"z":0.6201165914535523,"w":-0.32919076085090639},"size":2988.11328125,"orthographic":true}