{"cameraMode":{"drawMode":0,"name":"Shaded","section":"Shading Mode"},"sceneLighting":false,"audioPlay":false,"sceneViewState":{"showFog":true,"showMaterialUpdate":true,"showSkybox":true,"showFlares":true,"showImageEffects":true,"showParticleSystems":true},"in2DMode":false,"pivot":{"x":0.00250244140625,"y":70.01214599609375,"z":0.6304068565368652},"rotation":{"x":-0.1282021850347519,"y":-0.3205109238624573,"z":0.043819259852170947,"w":-0.9375362992286682},"size":86.70569610595703,"orthographic":true}