{"cameraMode":{"drawMode":0,"name":"Shaded","section":"Shading Mode"},"sceneLighting":false,"audioPlay":false,"sceneViewState":{"showFog":true,"showMaterialUpdate":true,"showSkybox":true,"showFlares":true,"showImageEffects":true,"showParticleSystems":true},"in2DMode":false,"pivot":{"x":-0.000003814697265625,"y":70.80000305175781,"z":0.25000011920928957},"rotation":{"x":-0.1282021850347519,"y":-0.3205109238624573,"z":0.043819259852170947,"w":-0.9375362992286682},"size":182.18203735351563,"orthographic":true}