{"count":1,"self":114.06745599999999,"total":118.38327299999999,"children":{"AgentResetIfDone":{"count":5151,"self":0.0307803,"total":0.0307803,"children":null},"AgentSendState":{"count":5151,"self":0.0851021,"total":0.3743703,"children":{"CollectObservations":{"count":5152,"self":0.2892682,"total":0.2892682,"children":null}}},"DecideAction":{"count":5151,"self":3.7255512,"total":3.7255512,"children":null},"AcademyStep":{"count":5151,"self":0.011300099999999999,"total":0.011300099999999999,"children":null},"AgentAct":{"count":5151,"self":0.1728153,"total":0.1728153,"children":null}}}